Site ID,User ID,Role
155693,21373873,Test Role
143615,21373638,Test Role
151781,21370516,Test Role
44298,21369043,Test Role
151781,21367817,Test Role
151781,21367814,Test Role
151209,21366868,Test Role
115531,21366242,Test Role
158361,21365857,Test Role
158361,21365854,Test Role
151781,21365381,Test Role
151781,21365375,Test Role
2476,21363757,Test Role
108249,21363011,Test Role
3,21361775,Test Role
151781,21361090,Test Role
151781,21361088,Test Role
3,21360835,Test Role
151781,21360739,Test Role
151781,21360724,Test Role
158222,21356929,Test Role
158222,21356914,Test Role
158222,21356912,Test Role
158222,21356904,Test Role
158222,21356903,Test Role
134423,21356808,Test Role
158222,21355462,Test Role
158222,21355429,Test Role
158361,21354777,Test Role
155440,21354703,Test Role
141955,21354095,Test Role
149567,21353646,Test Role
155693,21353608,Test Role
137049,21352955,Test Role
158222,21352358,Test Role
158361,21351951,Test Role
144870,21350960,Test Role
158984,21350207,Test Role
134423,21349758,Test Role
134423,21349755,Test Role
134423,21349752,Test Role
134423,21349749,Test Role
134423,21349742,Test Role
55447,21349522,Test Role
92141,21349224,Test Role
158222,21348680,Test Role
134423,21348623,Test Role
134423,21348622,Test Role
134423,21348618,Test Role
134423,21348613,Test Role
134423,21348605,Test Role
134423,21348601,Test Role
4269,21348454,Test Role
4269,21348450,Test Role
4269,21348449,Test Role
158222,21348246,Test Role
158222,21348237,Test Role
158222,21348233,Test Role
158361,21347821,Test Role
155608,21347132,Test Role
99693,21347016,Test Role
92141,21346980,Test Role
158361,21345777,Test Role
158361,21345575,Test Role
158361,21345522,Test Role
158361,21345438,Test Role
158361,21345233,Test Role
158361,21344255,Test Role
158361,21344252,Test Role
158361,21344246,Test Role
158361,21344244,Test Role
158361,21344240,Test Role
110720,21344222,Test Role
158361,21344182,Test Role
158361,21344178,Test Role
158361,21344006,Test Role
2476,21340696,Test Role
158361,21340421,Test Role
112753,21340209,Test Role
155693,21340001,Test Role
151209,21339384,Test Role
158222,21339053,Test Role
111804,21338854,Test Role
2476,21337886,Test Role
3,21336818,Test Role
109886,21336284,Test Role
16864,21336174,Test Role
4988,21335670,Test Role
158364,21335487,Test Role
158364,21335485,Test Role
158364,21335460,Test Role
151209,21335420,Test Role
158361,21335345,Test Role
157370,21335282,Test Role
149642,21335128,Test Role
138816,21334837,Test Role
18167,21334790,Test Role
3,21334407,Test Role
62550,21333362,Test Role
62550,21333360,Test Role
158222,21333100,Test Role
158222,21333085,Test Role
156240,21332705,Test Role
156240,21332703,Test Role
156240,21332700,Test Role
55447,21332668,Test Role
115531,21331148,Test Role
155693,21330661,Test Role
4988,21330449,Test Role
150318,21330330,Test Role
121792,21329669,Test Role
103223,21329653,Test Role
157370,21328897,Test Role
157370,21328896,Test Role
157370,21328891,Test Role
157370,21328890,Test Role
157370,21328887,Test Role
157370,21328884,Test Role
157370,21328883,Test Role
44437,21328758,Test Role
111804,21328626,Test Role
131215,21328441,Test Role
115531,21324638,Test Role
115531,21324621,Test Role
155507,21323832,Test Role
4988,21323258,Test Role
155507,21322987,Test Role
155608,21322297,Test Role
18167,21322163,Test Role
156286,21321946,Test Role
156286,21321938,Test Role
138816,21321502,Test Role
18167,21321339,Test Role
18167,21321338,Test Role
137049,21319729,Test Role
156286,21319294,Test Role
155440,21318512,Test Role
155440,21318506,Test Role
155440,21318488,Test Role
157370,21317153,Test Role
157370,21317151,Test Role
157370,21317140,Test Role
155693,21316414,Test Role
103223,21316195,Test Role
103223,21316194,Test Role
89,21316098,Test Role
111123,21315566,Test Role
43585,21315290,Test Role
156286,21314951,Test Role
147735,21314262,Test Role
149567,21314131,Test Role
50829,21311733,Test Role
43585,21311604,Test Role
71596,21310816,Test Role
56853,21310327,Test Role
56853,21310326,Test Role
56853,21310325,Test Role
56853,21310318,Test Role
131215,21310119,Test Role
92141,21309113,Test Role
156240,21308761,Test Role
156240,21308758,Test Role
156286,21308628,Test Role
97554,21308097,Test Role
56853,21307812,Test Role
92141,21307431,Test Role
92141,21307245,Test Role
144870,21306948,Test Role
144870,21306935,Test Role
144870,21306929,Test Role
15653,21306788,Test Role
156286,21306314,Test Role
155693,21305594,Test Role
155693,21305282,Test Role
155693,21305198,Test Role
149567,21304717,Test Role
3,21304704,Test Role
149567,21304513,Test Role
111804,21303699,Test Role
156389,21302828,Test Role
153318,21302439,Test Role
153318,21302436,Test Role
112753,21302379,Test Role
156286,21301663,Test Role
156240,21300573,Test Role
155608,21300240,Test Role
131215,21300185,Test Role
109886,21300157,Test Role
92141,21300087,Test Role
92141,21300083,Test Role
139665,21299439,Test Role
82323,21298227,Test Role
43585,21297754,Test Role
138816,21296167,Test Role
153318,21296083,Test Role
153526,21294751,Test Role
155851,21294535,Test Role
155851,21294533,Test Role
155851,21294500,Test Role
155693,21293885,Test Role
112753,21293862,Test Role
18167,21292947,Test Role
153318,21292435,Test Role
115531,21292185,Test Role
141955,21292132,Test Role
44437,21292036,Test Role
24396,21292033,Test Role
155693,21291993,Test Role
92141,21291884,Test Role
82323,21291839,Test Role
155440,21291206,Test Role
151209,21291093,Test Role
101397,21290972,Test Role
155608,21290914,Test Role
155608,21290912,Test Role
155608,21290909,Test Role
155608,21290904,Test Role
155608,21290751,Test Role
151209,21289876,Test Role
155493,21289787,Test Role
155507,21289469,Test Role
155507,21289467,Test Role
155507,21289466,Test Role
155507,21289441,Test Role
155493,21289309,Test Role
92141,21289167,Test Role
155440,21288474,Test Role
43585,21287697,Test Role
43585,21287689,Test Role
44437,21287235,Test Role
44437,21287232,Test Role
132199,21284574,Test Role
132199,21284571,Test Role
144870,21284311,Test Role
144870,21284302,Test Role
144870,21284150,Test Role
24396,21283857,Test Role
103223,21283616,Test Role
103223,21283600,Test Role
24396,21283397,Test Role
115531,21282834,Test Role
115531,21282831,Test Role
44437,21282117,Test Role
44437,21282116,Test Role
152259,21282081,Test Role
150033,21282077,Test Role
144870,21281416,Test Role
108249,21281128,Test Role
144870,21279770,Test Role
144870,21279765,Test Role
144870,21279746,Test Role
144870,21279645,Test Role
137049,21279450,Test Role
152259,21279133,Test Role
152259,21279128,Test Role
131215,21278227,Test Role
16864,21278186,Test Role
38911,21277589,Test Role
38070,21277563,Test Role
154837,21276967,Test Role
154837,21276961,Test Role
144371,21276942,Test Role
154837,21276892,Test Role
38434,21275893,Test Role
152259,21275150,Test Role
135805,21274962,Test Role
151209,21274908,Test Role
149772,21274795,Test Role
38070,21274746,Test Role
38070,21274744,Test Role
148182,21274281,Test Role
27431,21274101,Test Role
149567,21273166,Test Role
149567,21268603,Test Role
149567,21268602,Test Role
92141,21268423,Test Role
111804,21267853,Test Role
138816,21267207,Test Role
129330,21266839,Test Role
44437,21266790,Test Role
59397,21266731,Test Role
18167,21266463,Test Role
99315,21266319,Test Role
151209,21265445,Test Role
151209,21265438,Test Role
151209,21265428,Test Role
151209,21265420,Test Role
151209,21265414,Test Role
151209,21265411,Test Role
151209,21265407,Test Role
103223,21265404,Test Role
151209,21265403,Test Role
153701,21265402,Test Role
151209,21265398,Test Role
153701,21265371,Test Role
144870,21265291,Test Role
154149,21265038,Test Role
24396,21264909,Test Role
138776,21264660,Test Role
115531,21264601,Test Role
153396,21264220,Test Role
153396,21264215,Test Role
153396,21264214,Test Role
30432,21263924,Test Role
101755,21263474,Test Role
44437,21262799,Test Role
44437,21262798,Test Role
138335,21262585,Test Role
92141,21262191,Test Role
148296,21260381,Test Role
148296,21260349,Test Role
153829,21260216,Test Role
111804,21260137,Test Role
4988,21259946,Test Role
55447,21259539,Test Role
55447,21259526,Test Role
55447,21259524,Test Role
132199,21258814,Test Role
97676,21258261,Test Role
153701,21258068,Test Role
99315,21257626,Test Role
99315,21257621,Test Role
99315,21257619,Test Role
153526,21255804,Test Role
153526,21255615,Test Role
103223,21255284,Test Role
92141,21254394,Test Role
153396,21254014,Test Role
97676,21253961,Test Role
149480,21253732,Test Role
111123,21252996,Test Role
92141,21252804,Test Role
153318,21252755,Test Role
82323,21252638,Test Role
153241,21251759,Test Role
153241,21251755,Test Role
151209,21251615,Test Role
144870,21251462,Test Role
27431,21251011,Test Role
27431,21250922,Test Role
62550,21250562,Test Role
134075,21249690,Test Role
134075,21249688,Test Role
134075,21249686,Test Role
134075,21249684,Test Role
101397,21249455,Test Role
137049,21249363,Test Role
138816,21248485,Test Role
3,21248475,Test Role
134075,21248182,Test Role
134075,21248180,Test Role
92141,21247736,Test Role
92141,21247735,Test Role
92141,21247734,Test Role
92141,21247733,Test Role
92141,21247658,Test Role
152639,21247560,Test Role
152639,21247548,Test Role
151781,21247089,Test Role
145219,21247075,Test Role
98989,21246772,Test Role
115531,21246492,Test Role
62550,21246389,Test Role
151781,21246368,Test Role
152424,21245810,Test Role
152424,21245797,Test Role
115531,21245555,Test Role
108249,21245458,Test Role
148182,21245317,Test Role
108249,21245216,Test Role
108249,21245215,Test Role
152259,21244877,Test Role
121792,21244822,Test Role
121792,21244819,Test Role
121792,21244818,Test Role
121792,21244817,Test Role
151209,21244666,Test Role
151209,21244661,Test Role
151209,21244658,Test Role
151209,21244643,Test Role
151209,21244637,Test Role
151209,21244609,Test Role
151209,21244513,Test Role
4988,21244362,Test Role
4988,21243947,Test Role
4988,21243945,Test Role
109886,21243803,Test Role
92141,21243134,Test Role
137049,21243102,Test Role
92141,21243100,Test Role
18167,21243081,Test Role
18167,21243079,Test Role
111804,21241938,Test Role
151781,21241936,Test Role
148182,21241755,Test Role
148182,21241752,Test Role
148182,21241749,Test Role
148182,21241743,Test Role
148182,21241739,Test Role
148182,21241734,Test Role
148182,21241733,Test Role
148182,21241731,Test Role
148182,21241729,Test Role
148182,21241727,Test Role
148182,21241724,Test Role
148182,21241721,Test Role
148182,21241717,Test Role
148182,21241711,Test Role
148182,21241709,Test Role
148182,21241708,Test Role
148182,21241706,Test Role
148182,21241705,Test Role
148182,21241703,Test Role
92141,21241498,Test Role
27431,21241060,Test Role
115531,21240709,Test Role
151209,21240689,Test Role
92141,21239979,Test Role
92141,21239923,Test Role
151209,21239300,Test Role
151209,21239297,Test Role
151209,21239291,Test Role
43585,21238853,Test Role
151330,21238391,Test Role
101397,21238271,Test Role
101397,21238269,Test Role
101397,21238268,Test Role
148182,21237950,Test Role
3,21237309,Test Role
151209,21237308,Test Role
134075,21237186,Test Role
144870,21237012,Test Role
144870,21237010,Test Role
144870,21237003,Test Role
144870,21236992,Test Role
144870,21236988,Test Role
144870,21236982,Test Role
144870,21236974,Test Role
144870,21236964,Test Role
144870,21236948,Test Role
9713,21236937,Test Role
144870,21236932,Test Role
144870,21236926,Test Role
1402,21236285,Test Role
82323,21236233,Test Role
351,21235288,Test Role
139665,21234975,Test Role
137049,21234741,Test Role
150033,21234209,Test Role
150318,21233672,Test Role
134075,21233575,Test Role
144870,21233561,Test Role
111804,21233529,Test Role
111804,21233306,Test Role
111804,21233304,Test Role
101397,21233300,Test Role
115531,21233148,Test Role
115531,21233147,Test Role
115531,21233146,Test Role
150680,21233042,Test Role
145219,21232999,Test Role
150033,21232754,Test Role
150033,21232751,Test Role
150033,21232561,Test Role
150033,21232560,Test Role
150318,21232444,Test Role
150318,21232439,Test Role
150033,21232275,Test Role
150033,21232269,Test Role
150318,21232266,Test Role
150318,21232265,Test Role
150318,21231732,Test Role
92141,21231636,Test Role
92141,21231635,Test Role
92141,21231634,Test Role
145219,21231615,Test Role
145219,21231614,Test Role
92141,21231607,Test Role
144870,21231590,Test Role
144870,21231582,Test Role
111804,21231545,Test Role
44437,21231431,Test Role
44437,21231428,Test Role
44437,21231426,Test Role
44437,21231340,Test Role
44437,21231338,Test Role
24396,21231190,Test Role
150398,21230737,Test Role
44437,21230580,Test Role
44437,21230579,Test Role
115531,21230498,Test Role
115531,21230477,Test Role
115531,21230475,Test Role
115531,21230474,Test Role
115531,21230473,Test Role
115531,21230471,Test Role
119771,21230271,Test Role
92141,21230264,Test Role
150318,21230262,Test Role
43585,21229831,Test Role
103223,21229676,Test Role
125907,21229275,Test Role
115531,21229110,Test Role
38070,21228634,Test Role
137049,21228426,Test Role
143615,21227992,Test Role
27431,21227988,Test Role
150033,21227911,Test Role
44437,21227722,Test Role
110720,21227006,Test Role
148296,21226991,Test Role
101397,21226878,Test Role
148887,21226265,Test Role
149772,21225957,Test Role
149642,21225497,Test Role
149642,21225491,Test Role
43585,21225446,Test Role
43585,21225442,Test Role
43585,21225441,Test Role
148887,21225072,Test Role
149642,21224943,Test Role
149642,21224942,Test Role
149642,21224931,Test Role
138776,21224905,Test Role
41108,21224842,Test Role
149567,21224377,Test Role
149480,21223597,Test Role
149480,21223596,Test Role
149480,21223568,Test Role
131215,21223203,Test Role
147735,21222286,Test Role
147735,21222285,Test Role
92141,21222001,Test Role
82323,21221735,Test Role
92141,21221295,Test Role
144371,21220621,Test Role
144371,21220504,Test Role
115531,21220349,Test Role
115531,21220339,Test Role
50829,21219860,Test Role
138816,21219756,Test Role
138816,21219755,Test Role
138816,21219752,Test Role
138816,21219748,Test Role
138816,21219746,Test Role
138816,21219745,Test Role
138816,21219743,Test Role
138816,21219741,Test Role
148887,21219675,Test Role
137049,21219566,Test Role
38434,21219483,Test Role
119771,21219361,Test Role
142902,21218651,Test Role
142902,21218650,Test Role
4269,21217191,Test Role
148182,21217000,Test Role
148182,21216999,Test Role
92141,21216290,Test Role
111804,21215942,Test Role
3,21215588,Test Role
148296,21214812,Test Role
92141,21214721,Test Role
148182,21214081,Test Role
115531,21213114,Test Role
115531,21213113,Test Role
115531,21213111,Test Role
3128,21212408,Test Role
137065,21212382,Test Role
137049,21212335,Test Role
58018,21211536,Test Role
44298,21211373,Test Role
44437,21210836,Test Role
83486,21210461,Test Role
138948,21210386,Test Role
147735,21210380,Test Role
141955,21210168,Test Role
2476,21208605,Test Role
92141,21208533,Test Role
92141,21208529,Test Role
92141,21208528,Test Role
92141,21208526,Test Role
110720,21208359,Test Role
351,21207830,Test Role
111123,21207791,Test Role
4988,21207410,Test Role
4988,21207409,Test Role
1402,21207172,Test Role
115531,21207167,Test Role
103223,21205639,Test Role
38911,21205563,Test Role
111804,21205425,Test Role
131215,21205307,Test Role
92141,21205060,Test Role
43585,21205014,Test Role
71596,21204363,Test Role
41108,21204236,Test Role
141955,21203572,Test Role
138776,21203456,Test Role
30432,21202296,Test Role
3128,21201959,Test Role
97676,21200936,Test Role
24396,21200229,Test Role
55447,21200118,Test Role
62550,21199536,Test Role
9713,21198731,Test Role
118232,21197892,Test Role
138816,21197598,Test Role
138816,21197592,Test Role
138816,21197011,Test Role
138816,21197006,Test Role
44437,21196999,Test Role
115531,21196844,Test Role
145219,21196701,Test Role
44437,21196200,Test Role
115531,21195513,Test Role
144968,21195375,Test Role
18167,21195267,Test Role
92141,21195242,Test Role
101397,21194887,Test Role
144870,21194804,Test Role
2476,21194492,Test Role
3,21194483,Test Role
115531,21192801,Test Role
115531,21192800,Test Role
115531,21192799,Test Role
115531,21192798,Test Role
115531,21192797,Test Role
143615,21192505,Test Role
143615,21192487,Test Role
143615,21192485,Test Role
143615,21192484,Test Role
144371,21192265,Test Role
3128,21192231,Test Role
141955,21191834,Test Role
3,21190030,Test Role
3,21190029,Test Role
110720,21188776,Test Role
62550,21188748,Test Role
132199,21188564,Test Role
143615,21188530,Test Role
143615,21188448,Test Role
134075,21188280,Test Role
138816,21186725,Test Role
138816,21186724,Test Role
92141,21185954,Test Role
137652,21185827,Test Role
44437,21185536,Test Role
115531,21185241,Test Role
44437,21185051,Test Role
88737,21184617,Test Role
142902,21184602,Test Role
141955,21184430,Test Role
43585,21184157,Test Role
102457,21183759,Test Role
92141,21183374,Test Role
142583,21182898,Test Role
89,21181315,Test Role
141955,21181090,Test Role
83486,21180861,Test Role
142111,21180383,Test Role
141955,21180351,Test Role
110720,21179860,Test Role
141780,21179835,Test Role
141955,21179754,Test Role
141955,21179753,Test Role
141955,21179751,Test Role
141955,21179747,Test Role
141955,21179598,Test Role
141780,21179376,Test Role
141780,21179373,Test Role
141780,21179369,Test Role
115531,21178816,Test Role
115531,21178790,Test Role
3128,21178566,Test Role
3128,21178564,Test Role
141780,21178554,Test Role
44437,21176788,Test Role
132199,21176768,Test Role
44298,21176712,Test Role
138335,21175874,Test Role
62550,21175638,Test Role
92141,21175076,Test Role
118232,21174630,Test Role
67359,21173862,Test Role
138776,21173648,Test Role
111804,21172839,Test Role
111804,21172579,Test Role
111804,21172567,Test Role
59591,21171117,Test Role
112753,21171060,Test Role
111123,21170851,Test Role
103223,21170743,Test Role
132199,21170030,Test Role
137049,21169968,Test Role
137049,21169967,Test Role
137049,21169964,Test Role
137049,21169962,Test Role
3128,21169549,Test Role
92141,21168591,Test Role
139665,21168438,Test Role
118232,21168292,Test Role
55447,21166773,Test Role
103223,21166255,Test Role
138948,21166074,Test Role
101397,21165519,Test Role
92141,21165157,Test Role
138948,21165097,Test Role
138816,21164278,Test Role
138816,21164277,Test Role
138816,21164275,Test Role
138816,21164035,Test Role
138776,21163906,Test Role
3,21163876,Test Role
3,21163875,Test Role
3,21163874,Test Role
138335,21163804,Test Role
138335,21163732,Test Role
3,21163723,Test Role
138669,21163264,Test Role
103223,21163202,Test Role
131526,21162730,Test Role
131526,21162729,Test Role
131526,21162724,Test Role
89,21162511,Test Role
43585,21162196,Test Role
83486,21162195,Test Role
138335,21161763,Test Role
138335,21161759,Test Role
115531,21161666,Test Role
115531,21161665,Test Role
115531,21161664,Test Role
115531,21161660,Test Role
115531,21161655,Test Role
115531,21161653,Test Role
115531,21161652,Test Role
115531,21161647,Test Role
115531,21161646,Test Role
115531,21161643,Test Role
115531,21161642,Test Role
138350,21161301,Test Role
138335,21161252,Test Role
137065,21160531,Test Role
71596,21159502,Test Role
71596,21159499,Test Role
131526,21158901,Test Role
92141,21158814,Test Role
50829,21158259,Test Role
137652,21158012,Test Role
3128,21157994,Test Role
115531,21157740,Test Role
18167,21157359,Test Role
92141,21157295,Test Role
18167,21156850,Test Role
2476,21156674,Test Role
92141,21156077,Test Role
103223,21155917,Test Role
137065,21155741,Test Role
137049,21155687,Test Role
137049,21155684,Test Role
137049,21155681,Test Role
44437,21155358,Test Role
18167,21155238,Test Role
134423,21155189,Test Role
134423,21155186,Test Role
97554,21155054,Test Role
44437,21154925,Test Role
86248,21154908,Test Role
131215,21154843,Test Role
92141,21154711,Test Role
92141,21154634,Test Role
115531,21152914,Test Role
115531,21152913,Test Role
115531,21152757,Test Role
3,21151252,Test Role
135805,21150011,Test Role
92141,21149757,Test Role
51543,21149247,Test Role
131526,21148772,Test Role
89,21148514,Test Role
89,21148380,Test Role
110720,21147938,Test Role
128467,21147533,Test Role
56068,21147385,Test Role
56068,21147303,Test Role
71596,21145900,Test Role
92141,21145136,Test Role
101397,21145009,Test Role
101397,21145007,Test Role
101397,21145005,Test Role
101397,21145003,Test Role
131215,21144175,Test Role
134423,21143771,Test Role
132199,21142921,Test Role
92141,21142684,Test Role
110720,21142291,Test Role
51543,21142244,Test Role
51543,21142241,Test Role
134075,21141953,Test Role
131215,21141691,Test Role
3,21141432,Test Role
92141,21141407,Test Role
92141,21141336,Test Role
92141,21141299,Test Role
131215,21140809,Test Role
131215,21140558,Test Role
131215,21140499,Test Role
131215,21140487,Test Role
131215,21140486,Test Role
115531,21140456,Test Role
115531,21140455,Test Role
115531,21140452,Test Role
92141,21140395,Test Role
92141,21140393,Test Role
18167,21140388,Test Role
131215,21138399,Test Role
115531,21138325,Test Role
115531,21138324,Test Role
115531,21138316,Test Role
115531,21138314,Test Role
3,21137946,Test Role
89,21137581,Test Role
115531,21137533,Test Role
115531,21137532,Test Role
115531,21137528,Test Role
115531,21137527,Test Role
131215,21137317,Test Role
131215,21137113,Test Role
131215,21137066,Test Role
131215,21137034,Test Role
131215,21137025,Test Role
131215,21136180,Test Role
53031,21136153,Test Role
115531,21135641,Test Role
115531,21135630,Test Role
115531,21135629,Test Role
115531,21135557,Test Role
132700,21135472,Test Role
131215,21135250,Test Role
131215,21135249,Test Role
131215,21135247,Test Role
131215,21135244,Test Role
114903,21134992,Test Role
27431,21134751,Test Role
18167,21134692,Test Role
101397,21134489,Test Role
3,21133454,Test Role
132199,21132733,Test Role
99315,21130901,Test Role
3,21130868,Test Role
131526,21129444,Test Role
131215,21128262,Test Role
131215,21128256,Test Role
131215,21128234,Test Role
5241,21127101,Test Role
5241,21127100,Test Role
97554,21127034,Test Role
97554,21127033,Test Role
97554,21127032,Test Role
97554,21127031,Test Role
97554,21127028,Test Role
97554,21127025,Test Role
97554,21127024,Test Role
97554,21127022,Test Role
97554,21127020,Test Role
97554,21127019,Test Role
97554,21127000,Test Role
97554,21126918,Test Role
115531,21126666,Test Role
115531,21126665,Test Role
115531,21126664,Test Role
115531,21126663,Test Role
115531,21126661,Test Role
4269,21125900,Test Role
62550,21125166,Test Role
109886,21123616,Test Role
130248,21123394,Test Role
43585,21122985,Test Role
122834,21122127,Test Role
122834,21122098,Test Role
104059,21121990,Test Role
62550,21121809,Test Role
110720,21121633,Test Role
128467,21121380,Test Role
101397,21121204,Test Role
62550,21120942,Test Role
110720,21120880,Test Role
110720,21120879,Test Role
110720,21120877,Test Role
110720,21120875,Test Role
110720,21120874,Test Role
110720,21120873,Test Role
110720,21120872,Test Role
27431,21120785,Test Role
114903,21120714,Test Role
110720,21120245,Test Role
44437,21120099,Test Role
44437,21120097,Test Role
67359,21119050,Test Role
129330,21118958,Test Role
18167,21117412,Test Role
99693,21117066,Test Role
82323,21117016,Test Role
99693,21116960,Test Role
99693,21116958,Test Role
101397,21116701,Test Role
128467,21115777,Test Role
114903,21114531,Test Role
24396,21114340,Test Role
18167,21114166,Test Role
44437,21114114,Test Role
44437,21114112,Test Role
92141,21112497,Test Role
82323,21112130,Test Role
18167,21111537,Test Role
18167,21111534,Test Role
1402,21110895,Test Role
24396,21109166,Test Role
24396,21109165,Test Role
88737,21109139,Test Role
50829,21108909,Test Role
122834,21107815,Test Role
99189,21107788,Test Role
23640,21107475,Test Role
92141,21107460,Test Role
92141,21107372,Test Role
3,21107342,Test Role
104059,21107264,Test Role
16864,21106565,Test Role
114903,21105433,Test Role
111123,21105078,Test Role
125907,21104743,Test Role
125907,21104742,Test Role
125907,21104741,Test Role
125907,21104700,Test Role
100329,21104473,Test Role
3128,21104219,Test Role
115531,21103742,Test Role
115531,21103740,Test Role
109886,21103731,Test Role
92141,21103520,Test Role
92141,21103519,Test Role
3,21103338,Test Role
122834,21103012,Test Role
101397,21102909,Test Role
99189,21101871,Test Role
121792,21101059,Test Role
97554,21101043,Test Role
49671,21100479,Test Role
351,21099049,Test Role
31163,21098593,Test Role
92141,21098032,Test Role
56853,21097551,Test Role
2476,21097492,Test Role
2476,21097491,Test Role
123202,21096251,Test Role
92141,21095780,Test Role
92141,21095778,Test Role
59397,21095226,Test Role
82323,21094932,Test Role
92141,21094632,Test Role
121792,21094416,Test Role
121792,21094415,Test Role
44437,21094099,Test Role
103223,21093964,Test Role
103223,21093961,Test Role
24396,21093751,Test Role
67359,21093675,Test Role
123202,21093106,Test Role
117725,21092542,Test Role
104059,21092001,Test Role
122834,21091970,Test Role
82323,21091366,Test Role
122405,21090695,Test Role
122405,21090524,Test Role
122405,21090522,Test Role
122405,21090492,Test Role
18167,21089215,Test Role
31163,21088881,Test Role
118232,21088556,Test Role
121792,21088143,Test Role
82323,21087732,Test Role
4988,21087643,Test Role
89,21087139,Test Role
18167,21087125,Test Role
351,21086774,Test Role
62550,21085912,Test Role
118232,21084722,Test Role
99189,21084092,Test Role
99189,21084086,Test Role
115531,21083885,Test Role
115531,21083713,Test Role
119771,21083162,Test Role
111123,21082706,Test Role
44437,21082524,Test Role
92141,21082371,Test Role
92141,21082369,Test Role
92141,21082367,Test Role
92141,21082366,Test Role
92141,21082365,Test Role
92141,21082363,Test Role
92141,21082361,Test Role
92141,21082360,Test Role
119771,21082223,Test Role
118232,21082038,Test Role
27431,21081810,Test Role
115531,21081774,Test Role
108249,21081572,Test Role
108249,21081571,Test Role
108249,21081570,Test Role
108249,21081569,Test Role
117725,21080900,Test Role
117725,21080897,Test Role
117725,21080896,Test Role
117725,21080893,Test Role
103223,21080575,Test Role
92141,21079342,Test Role
56068,21079325,Test Role
56068,21079324,Test Role
56068,21079322,Test Role
3,21078534,Test Role
83486,21077987,Test Role
118232,21075984,Test Role
44437,21075559,Test Role
4988,21074396,Test Role
2476,21074178,Test Role
117725,21073714,Test Role
117725,21073706,Test Role
117301,21072034,Test Role
115531,21068251,Test Role
99693,21067531,Test Role
3128,21067102,Test Role
4988,21066541,Test Role
109886,21065964,Test Role
109886,21065962,Test Role
109886,21065961,Test Role
111123,21065377,Test Role
108291,21064509,Test Role
115531,21064455,Test Role
92141,21063862,Test Role
110720,21063792,Test Role
110720,21063791,Test Role
110720,21063790,Test Role
8085,21062380,Test Role
62550,21062237,Test Role
4988,21061892,Test Role
114903,21061204,Test Role
53031,21060970,Test Role
49671,21060722,Test Role
114769,21060541,Test Role
97676,21060399,Test Role
89,21060178,Test Role
92141,21059398,Test Role
92141,21059261,Test Role
109886,21058538,Test Role
92141,21058455,Test Role
92141,21058453,Test Role
109886,21057748,Test Role
83486,21057610,Test Role
44437,21057459,Test Role
86248,21054381,Test Role
86248,21054378,Test Role
86248,21054377,Test Role
86248,21054374,Test Role
82323,21054098,Test Role
82323,21054095,Test Role
82323,21053479,Test Role
102457,21052940,Test Role
102457,21052937,Test Role
112753,21052522,Test Role
1402,21052187,Test Role
1402,21052185,Test Role
20692,21051729,Test Role
111635,21050770,Test Role
111804,21048500,Test Role
92141,21048208,Test Role
111635,21047905,Test Role
44437,21047587,Test Role
92141,21047188,Test Role
92141,21045849,Test Role
3,21045797,Test Role
111123,21045540,Test Role
3128,21045524,Test Role
3128,21045506,Test Role
3128,21045493,Test Role
111123,21045355,Test Role
62550,21045019,Test Role
92141,21043562,Test Role
110720,21043418,Test Role
89,21043282,Test Role
102457,21042967,Test Role
1402,21042373,Test Role
1402,21042370,Test Role
1402,21042361,Test Role
3781,21042304,Test Role
59591,21042274,Test Role
92141,21042150,Test Role
62550,21040410,Test Role
109886,21040017,Test Role
103223,21039691,Test Role
4269,21038933,Test Role
4269,21038878,Test Role
92141,21037844,Test Role
92141,21037789,Test Role
92141,21037788,Test Role
55447,21036772,Test Role
109064,21036723,Test Role
108291,21035386,Test Role
77968,21035149,Test Role
77968,21035136,Test Role
108249,21034824,Test Role
108291,21034122,Test Role
108249,21033873,Test Role
18167,21033556,Test Role
3,21033242,Test Role
27431,21033169,Test Role
103223,21033159,Test Role
103223,21033058,Test Role
103223,21033056,Test Role
103223,21033055,Test Role
105654,21032646,Test Role
105654,21032552,Test Role
105654,21032466,Test Role
105654,21032464,Test Role
105654,21032458,Test Role
44298,21032193,Test Role
44298,21032190,Test Role
105654,21031551,Test Role
105654,21031549,Test Role
105654,21031548,Test Role
83486,21030786,Test Role
92141,21030554,Test Role
103223,21029729,Test Role
103223,21029725,Test Role
103223,21029721,Test Role
77968,21029525,Test Role
97554,21029373,Test Role
83486,21029263,Test Role
83486,21029261,Test Role
83486,21029223,Test Role
351,21028982,Test Role
105654,21028927,Test Role
105654,21028926,Test Role
89,21028901,Test Role
77968,21028774,Test Role
83486,21028585,Test Role
77968,21027709,Test Role
3,21026113,Test Role
62550,21025443,Test Role
62550,21025442,Test Role
92141,21025298,Test Role
4988,21023626,Test Role
105654,21023277,Test Role
92141,21023275,Test Role
102457,21020793,Test Role
102457,21020791,Test Role
92141,21020011,Test Role
89,21019616,Test Role
92141,21018905,Test Role
104059,21018205,Test Role
103223,21017132,Test Role
103223,21017131,Test Role
103223,21017076,Test Role
103223,21017061,Test Role
77968,21016174,Test Role
103223,21015855,Test Role
3,21014776,Test Role
103223,21014763,Test Role
77968,21014686,Test Role
101397,21006399,Test Role
101397,21006300,Test Role
101397,21006296,Test Role
101397,21006291,Test Role
101397,21006286,Test Role
101397,21006255,Test Role
101397,21006249,Test Role
101397,21006242,Test Role
101397,21006238,Test Role
101397,21006216,Test Role
101397,21006212,Test Role
101397,21006204,Test Role
101397,21006200,Test Role
101397,21006194,Test Role
101397,21006187,Test Role
101397,21006176,Test Role
101397,21006164,Test Role
101397,21006157,Test Role
101397,21006143,Test Role
101397,21006125,Test Role
101397,21006111,Test Role
56853,21003470,Test Role
56853,21003273,Test Role
56853,21003268,Test Role
56853,21003267,Test Role
56853,21003266,Test Role
56853,21003264,Test Role
56853,21003263,Test Role
92141,21003065,Test Role
62550,21002787,Test Role
102457,21001993,Test Role
92141,21001159,Test Role
97554,21000737,Test Role
97554,21000736,Test Role
77968,21000708,Test Role
4269,20997724,Test Role
4269,20997719,Test Role
4269,20997718,Test Role
101755,20997377,Test Role
92141,20996283,Test Role
92141,20996235,Test Role
92141,20996232,Test Role
92141,20996231,Test Role
92141,20996228,Test Role
92141,20996227,Test Role
92141,20996225,Test Role
92141,20996224,Test Role
92141,20996122,Test Role
101397,20995710,Test Role
101397,20995708,Test Role
101397,20995683,Test Role
101397,20995680,Test Role
101397,20995678,Test Role
101397,20995676,Test Role
101397,20995675,Test Role
101397,20995673,Test Role
101397,20995672,Test Role
101397,20995671,Test Role
101397,20995670,Test Role
101397,20995669,Test Role
101397,20995661,Test Role
101397,20995647,Test Role
3,20995445,Test Role
99189,20995245,Test Role
77968,20994590,Test Role
101055,20984001,Test Role
100916,20980568,Test Role
100329,20979641,Test Role
43585,20961695,Test Role
100329,20939349,Test Role
99315,20924693,Test Role
92141,20917817,Test Role
92141,20917811,Test Role
92141,20917797,Test Role
92141,20917790,Test Role
92141,20917778,Test Role
92141,20917769,Test Role
100329,20917040,Test Role
24396,20903653,Test Role
36320,20903600,Test Role
92141,20903366,Test Role
92141,20903365,Test Role
92141,20903364,Test Role
99693,20901598,Test Role
4988,20900398,Test Role
18167,20900193,Test Role
18167,20900192,Test Role
18167,20900190,Test Role
18167,20900189,Test Role
18167,20900186,Test Role
62550,20899549,Test Role
99189,20898910,Test Role
99315,20898555,Test Role
1402,20898547,Test Role
99189,20898028,Test Role
18167,20897941,Test Role
18167,20897937,Test Role
98989,20896912,Test Role
98989,20896911,Test Role
98989,20896909,Test Role
98989,20896878,Test Role
92141,20896201,Test Role
38920,20896174,Test Role
23640,20895064,Test Role
67359,20883263,Test Role
83486,20880385,Test Role
83486,20880368,Test Role
62550,20880077,Test Role
77968,20879748,Test Role
97676,20878777,Test Role
50829,20878652,Test Role
97554,20878083,Test Role
97554,20878080,Test Role
97554,20878079,Test Role
97554,20878067,Test Role
77968,20878007,Test Role
24396,20877186,Test Role
3,20877010,Test Role
96862,20870589,Test Role
58018,20870413,Test Role
27431,20870393,Test Role
96862,20870338,Test Role
89,20870196,Test Role
89,20853874,Test Role
24396,20853810,Test Role
92141,20850394,Test Role
3,20846635,Test Role
44437,20846189,Test Role
58018,20832679,Test Role
27431,20823845,Test Role
25490,20822145,Test Role
58018,20820734,Test Role
44298,20819881,Test Role
24396,20818653,Test Role
15653,20818618,Test Role
89,20817596,Test Role
27431,20816375,Test Role
92141,20814933,Test Role
3,20814206,Test Role
43585,20813613,Test Role
89,20812871,Test Role
3,20812819,Test Role
8085,20811947,Test Role
3,20811763,Test Role
92141,20810440,Test Role
92141,20810439,Test Role
92141,20810365,Test Role
92141,20810363,Test Role
88737,20807855,Test Role
8085,20806705,Test Role
8085,20806699,Test Role
8085,20806698,Test Role
8085,20806697,Test Role
8085,20806696,Test Role
8085,20806694,Test Role
8085,20806693,Test Role
8085,20806692,Test Role
8085,20806691,Test Role
8085,20806690,Test Role
8085,20806689,Test Role
8085,20806688,Test Role
50829,20805772,Test Role
77968,20805745,Test Role
92141,20805606,Test Role
89686,20805524,Test Role
41262,20805321,Test Role
41262,20805320,Test Role
83486,20805291,Test Role
3,20803532,Test Role
4988,20801290,Test Role
2476,20800861,Test Role
44298,20799960,Test Role
89,20799658,Test Role
89926,20793799,Test Role
3,20792855,Test Role
18167,20791774,Test Role
89686,20791746,Test Role
89214,20775036,Test Role
89214,20760623,Test Role
3,20659495,Test Role
88737,20594626,Test Role
88737,20578694,Test Role
88737,20577047,Test Role
58018,20549404,Test Role
3,20503744,Test Role
77968,20492277,Test Role
3,20420999,Test Role
31163,20336488,Test Role
3,20204469,Test Role
82323,20171849,Test Role
86248,20144383,Test Role
86248,20144325,Test Role
86248,20144280,Test Role
50829,20058256,Test Role
3,20047897,Test Role
89,20015200,Test Role
12928,20007775,Test Role
18167,19939341,Test Role
86248,19933470,Test Role
86248,19933374,Test Role
86248,19933085,Test Role
86248,19931480,Test Role
3,19905127,Test Role
3,19905068,Test Role
82323,19717920,Test Role
86248,19640181,Test Role
43585,19633801,Test Role
1402,19555208,Test Role
83486,19551538,Test Role
83486,19551399,Test Role
83486,19551380,Test Role
3128,19534791,Test Role
82323,19533065,Test Role
3,19523033,Test Role
35033,19492065,Test Role
77968,19328889,Test Role
77968,19328655,Test Role
24396,19287183,Test Role
24396,19287151,Test Role
77968,19271138,Test Role
77968,19271009,Test Role
77968,19270935,Test Role
77968,19270854,Test Role
3,19171697,Test Role
77968,19153507,Test Role
67359,19144524,Test Role
23640,19126108,Test Role
83486,18762748,Test Role
3,18468735,Test Role
3,18468630,Test Role
82323,18361056,Test Role
3,18328471,Test Role
24396,18308556,Test Role
51543,18306975,Test Role
4988,18269101,Test Role
51543,18155482,Test Role
62550,17900835,Test Role
62550,17871906,Test Role
62550,17871859,Test Role
62550,17871781,Test Role
79929,17551057,Test Role
51543,16988368,Test Role
51543,16988308,Test Role
51543,16988227,Test Role
51543,16987456,Test Role
51543,16986559,Test Role
51543,16984913,Test Role
51543,16984759,Test Role
77968,16913209,Test Role
77916,16895357,Test Role
89,16861822,Test Role
89,16587533,Test Role
76786,16560633,Test Role
76497,16470510,Test Role
351,16453494,Test Role
3128,16385645,Test Role
4988,16127335,Test Role
351,15972106,Test Role
351,15971939,Test Role
73807,15791968,Test Role
3128,15759966,Test Role
55447,15609798,Test Role
49671,15444851,Test Role
71596,15310379,Test Role
3,15305759,Test Role
3128,15261045,Test Role
4269,15235446,Test Role
27431,14930663,Test Role
2476,14885567,Test Role
50829,14808980,Test Role
50829,14808966,Test Role
50829,14803037,Test Role
50829,14802872,Test Role
3128,14656253,Test Role
18167,14533636,Test Role
67359,14450633,Test Role
67359,14450613,Test Role
67359,14450267,Test Role
2476,14327682,Test Role
3,14307529,Test Role
59397,14296068,Test Role
3,14190343,Test Role
89,14183583,Test Role
43585,14145488,Test Role
39667,13987730,Test Role
53031,13755262,Test Role
58018,13737412,Test Role
58018,13737395,Test Role
58018,13737368,Test Role
62550,13570989,Test Role
4988,13463432,Test Role
351,13357931,Test Role
3,13355539,Test Role
4988,13347757,Test Role
4988,13347717,Test Role
89,13223414,Test Role
89,13190145,Test Role
3128,13127536,Test Role
24396,13071947,Test Role
3,13053939,Test Role
59591,13012757,Test Role
59591,13012658,Test Role
3,13007215,Test Role
59591,12999771,Test Role
55447,12996568,Test Role
59397,12958545,Test Role
59397,12956040,Test Role
59397,12956014,Test Role
59397,12945493,Test Role
59397,12945474,Test Role
5241,12710777,Test Role
30432,12696463,Test Role
4269,12661668,Test Role
4269,12661660,Test Role
3128,12654341,Test Role
50829,12651168,Test Role
44437,12648797,Test Role
50829,12619354,Test Role
58018,12612966,Test Role
3,12608063,Test Role
4988,12430482,Test Role
56853,12422524,Test Role
56853,12422499,Test Role
56853,12422481,Test Role
56853,12422474,Test Role
56853,12422454,Test Role
56853,12411395,Test Role
56068,12294495,Test Role
89,12263732,Test Role
4988,12252248,Test Role
55447,12252098,Test Role
55447,12251536,Test Role
55447,12251254,Test Role
3,12244552,Test Role
50829,12093073,Test Role
27431,12073556,Test Role
3,11890080,Test Role
3,11840498,Test Role
4988,11832602,Test Role
4988,11832374,Test Role
2476,11821780,Test Role
53031,11745385,Test Role
53020,11743206,Test Role
2476,11508495,Test Role
51543,11481700,Test Role
50829,11365970,Test Role
43385,11243080,Test Role
43385,11243006,Test Role
31163,11232925,Test Role
49671,11181472,Test Role
3,11154170,Test Role
49671,11149630,Test Role
24396,11148110,Test Role
48394,10961834,Test Role
44437,10960623,Test Role
9713,10931474,Test Role
4988,10910292,Test Role
4988,10887012,Test Role
3,10884511,Test Role
24396,10878688,Test Role
3,10875702,Test Role
38911,10814593,Test Role
16864,10621725,Test Role
16864,10621720,Test Role
3,10572763,Test Role
27431,10568109,Test Role
4988,10439147,Test Role
24396,10411173,Test Role
44437,10378193,Test Role
15653,10375126,Test Role
18167,10368792,Test Role
44437,10328845,Test Role
44298,10308695,Test Role
44298,10308294,Test Role
44298,10308134,Test Role
44298,10308106,Test Role
41108,10273557,Test Role
29582,10259817,Test Role
43585,10229940,Test Role
41108,10229493,Test Role
41108,10229476,Test Role
30432,10228450,Test Role
30432,10226508,Test Role
30432,10226498,Test Role
3,10225395,Test Role
27431,10207498,Test Role
89,10204951,Test Role
41108,10136168,Test Role
41108,10085228,Test Role
41108,10085217,Test Role
38911,10077165,Test Role
38911,10077148,Test Role
38911,10076918,Test Role
41108,10075308,Test Role
9713,10068676,Test Role
41262,10049245,Test Role
41262,10049229,Test Role
41108,10048033,Test Role
41108,10048002,Test Role
41108,10046970,Test Role
4988,10030441,Test Role
39667,9914400,Test Role
25490,9902369,Test Role
89,9869234,Test Role
38920,9845501,Test Role
38911,9844233,Test Role
38434,9794254,Test Role
38070,9757025,Test Role
18167,9723925,Test Role
37498,9711960,Test Role
4988,9671831,Test Role
36320,9601368,Test Role
36320,9601359,Test Role
36320,9596745,Test Role
3,9567460,Test Role
35963,9561202,Test Role
4988,9529253,Test Role
21065,9499988,Test Role
21065,9499961,Test Role
35033,9399020,Test Role
8085,9357695,Test Role
15653,9098881,Test Role
15653,9098740,Test Role
34044,9023669,Test Role
15653,9019799,Test Role
31163,8732553,Test Role
31163,8579451,Test Role
20692,8515469,Test Role
3,8496393,Test Role
32215,8471356,Test Role
18167,8380345,Test Role
31163,8262758,Test Role
30432,8005843,Test Role
844,7928609,Test Role
24396,7925140,Test Role
16864,7899736,Test Role
3128,7809431,Test Role
8085,7806721,Test Role
8085,7806645,Test Role
29582,7760326,Test Role
27431,7759749,Test Role
16864,7715497,Test Role
18167,7633241,Test Role
18167,7550402,Test Role
18167,7550351,Test Role
3,7469622,Test Role
3,7435665,Test Role
18167,7238388,Test Role
27431,7185492,Test Role
27431,7185473,Test Role
27431,7185446,Test Role
27431,7185433,Test Role
27431,7185407,Test Role
27431,7157022,Test Role
3,7116190,Test Role
3,6987246,Test Role
3,6980614,Test Role
844,6875938,Test Role
3,6832088,Test Role
89,6827468,Test Role
89,6827457,Test Role
89,6827382,Test Role
89,6827372,Test Role
89,6827367,Test Role
89,6754246,Test Role
25569,6624221,Test Role
25490,6603120,Test Role
24953,6600969,Test Role
24953,6600941,Test Role
24953,6448145,Test Role
24396,6436787,Test Role
24642,6421677,Test Role
2476,6411682,Test Role
24642,6386271,Test Role
24396,6381642,Test Role
24396,6341821,Test Role
3,6339686,Test Role
23640,6327228,Test Role
23640,6327222,Test Role
89,6320559,Test Role
4988,6314788,Test Role
23640,6250469,Test Role
23640,6155399,Test Role
13972,6105903,Test Role
3,5926456,Test Role
21953,5909587,Test Role
351,5845760,Test Role
21953,5808631,Test Role
3,5674674,Test Role
20692,5667863,Test Role
21065,5630734,Test Role
21065,5630215,Test Role
20692,5568181,Test Role
4988,5550057,Test Role
351,5433399,Test Role
3128,5316260,Test Role
4988,5165943,Test Role
18167,5163458,Test Role
17605,5087744,Test Role
3,5047524,Test Role
16864,4993898,Test Role
15653,4859117,Test Role
15653,4856842,Test Role
13972,4820427,Test Role
3,4751804,Test Role
13972,4741222,Test Role
2476,4681272,Test Role
4269,4660902,Test Role
14347,4643177,Test Role
13972,4600159,Test Role
1402,4597660,Test Role
3,4499905,Test Role
12928,4474469,Test Role
1402,4298594,Test Role
1402,4298575,Test Role
1402,4298562,Test Role
1402,4298515,Test Role
9713,4110626,Test Role
8085,4007334,Test Role
9713,3985828,Test Role
3,3978037,Test Role
351,3952209,Test Role
4988,3947954,Test Role
3128,3857562,Test Role
8085,3853858,Test Role
8085,3853810,Test Role
3,3841637,Test Role
3,3841154,Test Role
3,3783250,Test Role
8085,3781550,Test Role
8085,3781466,Test Role
8085,3776064,Test Role
4988,3748367,Test Role
4988,3748298,Test Role
4988,3748273,Test Role
4988,3748259,Test Role
4988,3748244,Test Role
4988,3748240,Test Role
4988,3748220,Test Role
4988,3748198,Test Role
4988,3748177,Test Role
4988,3748171,Test Role
4988,3748155,Test Role
4988,3748126,Test Role
4988,3748010,Test Role
4988,3748006,Test Role
4988,3747958,Test Role
4988,3747949,Test Role
4988,3747942,Test Role
4988,3747935,Test Role
4988,3747845,Test Role
4988,3747836,Test Role
4988,3747828,Test Role
4988,3747818,Test Role
4988,3747813,Test Role
4988,3747808,Test Role
4988,3747797,Test Role
4988,3747785,Test Role
4988,3747777,Test Role
4988,3747772,Test Role
4988,3747764,Test Role
4988,3747749,Test Role
4988,3747729,Test Role
4988,3747727,Test Role
4988,3747720,Test Role
4988,3747704,Test Role
4988,3747693,Test Role
8085,3746427,Test Role
3,3604794,Test Role
4988,3543595,Test Role
4988,3543581,Test Role
4988,3543572,Test Role
4988,3543564,Test Role
4988,3543542,Test Role
4988,3543450,Test Role
4988,3543438,Test Role
4988,3543397,Test Role
4988,3543369,Test Role
4988,3543353,Test Role
4988,3543324,Test Role
4988,3543301,Test Role
4988,3543288,Test Role
4988,3543267,Test Role
4988,3543229,Test Role
4988,3543206,Test Role
4988,3543170,Test Role
4988,3543164,Test Role
4988,3543109,Test Role
4988,3543048,Test Role
4988,3543027,Test Role
4988,3543019,Test Role
4988,3542987,Test Role
4988,3542973,Test Role
4988,3362617,Test Role
3,3333130,Test Role
351,3323816,Test Role
4988,3318106,Test Role
4988,3318081,Test Role
4988,3260101,Test Role
5241,3233248,Test Role
5241,3233245,Test Role
2476,3225919,Test Role
3,3215947,Test Role
4988,3179229,Test Role
4988,3179220,Test Role
4988,3179197,Test Role
4988,3168758,Test Role
4148,3157580,Test Role
4148,3157565,Test Role
1412,3134651,Test Role
4988,3076836,Test Role
4988,3076800,Test Role
4688,2979664,Test Role
4688,2969366,Test Role
3128,2908205,Test Role
89,2883999,Test Role
4269,2834931,Test Role
3128,2816799,Test Role
3128,2797077,Test Role
4148,2790430,Test Role
3,2786146,Test Role
3905,2703782,Test Role
3781,2658967,Test Role
3781,2658922,Test Role
3128,2630841,Test Role
3,2509720,Test Role
3128,2439685,Test Role
3,2383059,Test Role
3,2349718,Test Role
3,2264185,Test Role
2476,2221609,Test Role
2476,2220367,Test Role
89,2088006,Test Role
1402,2074230,Test Role
1412,1884009,Test Role
1412,1839322,Test Role
3,1827167,Test Role
3,1773537,Test Role
351,1595949,Test Role
1412,1481621,Test Role
1412,1481609,Test Role
1412,1481592,Test Role
1412,1464584,Test Role
1412,1438031,Test Role
1412,1436697,Test Role
3,1416606,Test Role
1402,1414366,Test Role
351,1294526,Test Role
3,1219136,Test Role
3,1219128,Test Role
3,892009,Test Role
3,642115,Test Role
844,632888,Test Role
3,529005,Test Role
351,513058,Test Role
351,512894,Test Role
351,498241,Test Role
3,386099,Test Role
3,366568,Test Role
89,329637,Test Role
89,131122,Test Role
3,87317,Test Role
89,34364,Test Role
89,34363,Test Role
3,9532,Test Role
3,5436,Test Role
3,5435,Test Role
3,5434,Test Role
3,1601,Test Role
3,949,Test Role
3,731,Test Role